Address,0,1,2,3,4,5,6,7,8,9,A,B,C,D,E,F
0x00000000,,,,,,,,,,,,,,,,
:
0x00001000,_u16_dpsin_tbl2(2052),,,,,,,,,,,,,,,
:
0x00001800,,,,,_u16_dpatan_tbl2(512),,,,,,,,,,,
:
0x00001A00,,,,,_u16_dpsqrt_tbl2(1024),,,,,,,,,,,
:
0x00001E00,,,,,_f4_atan2Table(4100),,,,,,,,,,,
:
0x00002E00,,,,,,,,,_f4_k_pwm_tbl(2052),,,,,,,
:
0x00003600,,,,,,,,,,,,,_f4_vctrlerr_tbl(1028),,,
:
0x00003A10,_map_tq_to_idq(19392),,,,,,,,,,,,,,,
:
0x000085D0,_map_tq_limit(204),,,,,,,,,,,,,,,
:
0x00008690,,,,,,,,,,,,,_map_tq_to_power(19392),,,
:
0x0000D250,,,,,,,,,,,,,_S2_THERM_MODULE_TBL0(256),,,
:
0x0000D350,,,,,,,,,,,,,_map_lm_1d(1028),,,
:
0x0000D760,_i_ldes.c@_LengthMask.1(16),,,,,,,,,,,,,,,
:
0xFEBF0000,___u4_cnt_tsg30_1puls_offset(4),,,,___u4_cnt_tsg31_1puls_offset(4),,,,_u1_set_rly1(1),_u1_set_rly2(1),_u1_set_rly3(1),_u1_set_rly4(1),_u1_set_rly5(1),_u1_set_rly6(1),_u1_set_rly7(1),_u1_set_rly8(1)
0xFEBF0010,_u1_set_do0(1),_u1_set_do1(1),_u1_set_do2(1),_u1_set_do3(1),_u1_set_do4(1),_u1_set_do5(1),_u1_set_do6(1),_u1_set_udo0(1),_u1_set_udo1(1),_u1_set_udo2(1),_u1_set_udo3(1),_u1_get_udi0(1),_u1_get_udi1(1),_u1_get_udi2(1),_u1_get_udi3(1),_u1_get_di0(1)
0xFEBF0020,_u1_get_di1(1),_u1_get_di2(1),_u1_get_di3(1),_u1_get_di4(1),_u1_get_di5(1),_u1_get_di6(1),_u1_get_di7(1),,___u2_enca0_cnt_max(2),,,,___u2_enca1_cnt_max(2),,,
0xFEBF0030,_can0(16),,,,,,,,,,,,,,,
0xFEBF0040,_can1(16),,,,,,,,,,,,,,,
0xFEBF0050,_can2(16),,,,,,,,,,,,,,,
0xFEBF0060,_can3(16),,,,,,,,,,,,,,,
0xFEBF0070,_rx_mbox_no(4),,,,_rx_mbox_id(512),,,,,,,,,,,
:
0xFEBF0270,,,,,_rx_mbox_dlc(512),,,,,,,,,,,
:
0xFEBF0470,,,,,_rx_mbox_length(512),,,,,,,,,,,
:
0xFEBF0670,,,,,_rx_mbox_extened(512),,,,,,,,,,,
:
0xFEBF0870,,,,,_rx_mbox_cnt(16),,,,,,,,,,,
0xFEBF0880,,,,,_tx_mbox_no(4),,,,_tx_mbox_id(512),,,,,,,
:
0xFEBF0A80,,,,,,,,,_tx_mbox_dlc(512),,,,,,,
:
0xFEBF0C80,,,,,,,,,_tx_mbox_length(512),,,,,,,
:
0xFEBF0E80,,,,,,,,,_tx_mbox_extened(512),,,,,,,
:
0xFEBF1080,,,,,,,,,_tx_mbox_cnt(16),,,,,,,
0xFEBF1090,,,,,,,,,___u1_rdc20str_sel(1),,,,___u2_stopwatch_cnt_start(2),,___u2_stopwatch_cnt_stop(2),
0xFEBF10A0,___u2_stopwatch1_cnt_start(2),,___u2_stopwatch1_cnt_stop(2),,___u1_tsg30_logic(1),,__S2_DPINV0_ADDLAY(2),,___u1_read_tsg30_opt0(1),,,,_f_mu_old(4),,,
0xFEBF10B0,_f_mv_old(4),,,,_f_mw_old(4),,,,___u1_tsg31_logic(1),,__S2_DPINV1_ADDLAY(2),,___u1_read_tsg31_opt0(1),,,
0xFEBF10C0,_f_mu_old2(4),,,,_f_mv_old2(4),,,,_f_mw_old2(4),,,,___u1_rdc21str_sel(1),,,
0xFEBF10D0,_testrt0(4),,,,_testrt1(4),,,,_testrt2(4),,,,_testrt3(4),,,
0xFEBF10E0,_u4_flag_rx0_flag(4),,,,_RX_DATA_0x010(8),,,,,,,,_RX_DATA_0x011(8),,,
0xFEBF10F0,,,,,_TX_DATA_0x030(8),,,,,,,,_CAN_MBOX_TX_ID0x030(16),,,
0xFEBF1100,,,,,,,,,,,,,_TX_DATA_0x031(8),,,
0xFEBF1110,,,,,_CAN_MBOX_TX_ID0x031(16),,,,,,,,,,,
0xFEBF1120,,,,,_TX_DATA_0x032(8),,,,,,,,_CAN_MBOX_TX_ID0x032(16),,,
0xFEBF1130,,,,,,,,,,,,,_TX_DATA_0x033(8),,,
0xFEBF1140,,,,,_CAN_MBOX_TX_ID0x033(16),,,,,,,,,,,
0xFEBF1150,,,,,_TX_DATA_0x034(8),,,,,,,,_CAN_MBOX_TX_ID0x034(16),,,
0xFEBF1160,,,,,,,,,,,,,_TX_DATA_0x035(8),,,
0xFEBF1170,,,,,_CAN_MBOX_TX_ID0x035(16),,,,,,,,,,,
0xFEBF1180,,,,,_TX_DATA_0x036(8),,,,,,,,_CAN_MBOX_TX_ID0x036(16),,,
0xFEBF1190,,,,,,,,,,,,,_TX_DATA_0x037(8),,,
0xFEBF11A0,,,,,_CAN_MBOX_TX_ID0x037(16),,,,,,,,,,,
0xFEBF11B0,,,,,_TX_DATA_0x038(8),,,,,,,,_CAN_MBOX_TX_ID0x038(16),,,
0xFEBF11C0,,,,,,,,,,,,,_u1_flag_can0_initerr(1),_u1_flag_can0_debug(1),_u1_com_state_ref_rx(1),_u1_com_state_ref_rx_tmp(1)
0xFEBF11D0,_u2_com_tq_ref_rate_rx(2),,_u2_com_irms_ref_rate_rx(2),,_u2_com_speed_ref_rate_rx(2),,_s2_com_tq_ref_rx(2),,_s2_com_irms_ref_rx(2),,_s2_com_f_slip_ref_rx(2),,_s2_com_speed_ref_rx(2),,,
0xFEBF11E0,_f4_com_tq_ref_rate_rx(4),,,,_f4_com_irms_ref_rate_rx(4),,,,_f4_com_speed_ref_rate_rx(4),,,,_f4_com_tq_ref_rx(4),,,
0xFEBF11F0,_f4_com_irms_ref_rx(4),,,,_f4_com_f_slip_ref_rx(4),,,,_f4_com_speed_ref_rx(4),,,,_u1_flag_inv0_state_start(1),_u1_com_actual_state_tx(1),_u1_com_drive_state_tx(1),
0xFEBF1200,_s2_com_tq_ref_tx(2),,_s2_com_irms_ad_tx(2),,_s2_com_speed_lpf_tx(2),,_s2_com_id_ref_tx(2),,_s2_com_iq_ref_tx(2),,_u2_com_irms_ref_tx(2),,_s2_com_f_slip_ref_tx(2),,_s2_com_id_ad_tx(2),
0xFEBF1210,_s2_com_iq_ad_tx(2),,_s2_com_idc_est_tx(2),,_s2_com_speed_ref_tx(2),,_s2_com_vd_ref_tx(2),,_s2_com_vq_ref_tx(2),,_u2_com_vdc_ad_tx(2),,_u2_com_vrms_ref_tx(2),,_s2_com_tq_limit_p_tx(2),
0xFEBF1220,_s2_com_tq_limit_n_tx(2),,_u1_com_tmp_mot1_tx(1),_u1_com_tmp_mot2_tx(1),_u1_com_tmp_int_tx(1),_u1_com_tmp_igbt1_tx(1),_u1_com_tmp_igbt2_tx(1),_u1_com_tmp_igbt3_tx(1),_u1_com_tmp_igbt4_tx(1),_u1_com_tmp_igbt5_tx(1),_u1_com_tmp_igbt6_tx(1),,_u4_com_flag_error1_tx(4),,,
0xFEBF1230,_u4_com_flag_error2_tx(4),,,,_u4_com_flag_error_hw_tx(4),,,,_u4_com_flag_error_hw_lev_tx(4),,,,_f4_com_tq_ref_tx(4),,,
0xFEBF1240,_f4_com_irms_ad_tx(4),,,,_f4_com_speed_lpf_tx(4),,,,_f4_com_id_ref_tx(4),,,,_f4_com_iq_ref_tx(4),,,
0xFEBF1250,_f4_com_irms_ref_tx(4),,,,_f4_com_f_slip_ref_tx(4),,,,_f4_com_id_ad_tx(4),,,,_f4_com_iq_ad_tx(4),,,
0xFEBF1260,_f4_com_idc_est_tx(4),,,,_f4_com_speed_ref_tx(4),,,,_f4_com_vd_ref_tx(4),,,,_f4_com_vq_ref_tx(4),,,
0xFEBF1270,_f4_com_vdc_ad_tx(4),,,,_f4_com_vrms_ref_tx(4),,,,_f4_com_tq_limit_p_tx(4),,,,_f4_com_tq_limit_n_tx(4),,,
0xFEBF1280,_f4_com_tmp_mot1_tx(4),,,,_f4_com_tmp_mot2_tx(4),,,,_f4_com_tmp_int_tx(4),,,,_f4_com_tmp_igbt1_tx(4),,,
0xFEBF1290,_f4_com_tmp_igbt2_tx(4),,,,_f4_com_tmp_igbt3_tx(4),,,,_f4_com_tmp_igbt4_tx(4),,,,_f4_com_tmp_igbt5_tx(4),,,
0xFEBF12A0,_f4_com_tmp_igbt6_tx(4),,,,_u2_cnt_10ms_tx0(2),,,,_u4_status_can0(4),,,,_u4_status_can0_tmp(4),,,
0xFEBF12B0,_u1_flag_can0_com_id0x010_startchk(1),,_u2_cnt_can0_1ms_id0x010_comchk(2),,_u2_cnt_can0_1ms_id0x010_comchk_max(2),,_u1_flag_can0_com_id0x011_startchk(1),,_u2_cnt_can0_1ms_id0x011_comchk(2),,_u2_cnt_can0_1ms_id0x011_comchk_max(2),,_u4_chk(4),,,
0xFEBF12C0,_u4_chk_id(4),,,,_u2_cnt_err_enable(2),,_u1_flag_err_enable(1),,_u4_cnt_1ms(4),,,,_th_IGBT(36),,,
:
0xFEBF12F0,_th_103JT(36),,,,,,,,,,,,,,,
:
0xFEBF1310,,,,,_th_MOTOR1_INV0(36),,,,,,,,,,,
:
0xFEBF1330,,,,,,,,,_th_MOTOR2_INV0(36),,,,,,,
:
0xFEBF1350,,,,,,,,,,,,,_th_493HT(36),,,
:
0xFEBF1380,_th_AL03006_1753K_98_G1(36),,,,,,,,,,,,,,,
:
0xFEBF13A0,,,,,_th_PSB_S3(36),,,,,,,,,,,
:
0xFEBF13C0,,,,,,,,,_th_NCP18XH103(36),,,,,,,
:
0xFEBF13E0,,,,,,,,,,,,,_th_NCU18WB473F6SRB_10k(36),,,
:
0xFEBF1410,_th_FMF800DX_24B(36),,,,,,,,,,,,,,,
:
0xFEBF1430,,,,,_th_NTCALUG01T103G(36),,,,,,,,,,,
:
0xFEBF1450,,,,,,,,,_f4_tmp_inv0_igbt_up(4),,,,_f4_tmp_inv0_igbt_vp(4),,,
0xFEBF1460,_f4_tmp_inv0_igbt_wp(4),,,,_f4_tmp_inv0_igbt_un(4),,,,_f4_tmp_inv0_igbt_vn(4),,,,_f4_tmp_inv0_igbt_wn(4),,,
0xFEBF1470,_f4_tmp_inv0_igbtp_max(4),,,,_f4_tmp_inv0_igbtn_max(4),,,,_f4_tmp_inv0_igbt_max(4),,,,_f4_tmp_inv0_mot1(4),,,
0xFEBF1480,_f4_tmp_inv0_mot2(4),,,,_f4_tmp_inv0_mot_max(4),,,,_f4_tmp_inv0_int(4),,,,_f4_tmp_inv0_busbar_p(4),,,
0xFEBF1490,_f4_tmp_inv0_busbar_w(4),,,,_f4_tmp_inv0_film_cap(4),,,,_f4_wclpf_inv0_tmp(4),,,,_f4_lev_uv_inv0_vdc(4),,,
0xFEBF14A0,_f4_lev_oh_inv0_igbt(4),,,,_f4_lev_oh_inv0_mot1(4),,,,_f4_lev_oh_inv0_mot2(4),,,,_f4_lev_os_inv0_speed(4),,,
0xFEBF14B0,_f4_lev_oh_inv0_int(4),,,,_f4_lev_ov_inv0_ctrlbd(4),,,,_f4_lev_uv_inv0_ctrlbd(4),,,,_s4_lev_snsr_inv0_iinv(4),,,
0xFEBF14C0,_s4_lev_snsr_inv0_tmp_igbt(4),,,,_s4_lev_snsr_inv0_tmp_int(4),,,,_s4_lev_snsr_inv0_tmp_mot1(4),,,,_s4_lev_snsr_inv0_tmp_mot2(4),,,
0xFEBF14D0,_u2_cnt_uv_inv0_vdc_1ms_max(2),,_u2_cnt_oh_inv0_igbt_1ms_max(2),,_u2_cnt_oh_inv0_mot1_1ms_max(2),,_u2_cnt_oh_inv0_mot2_1ms_max(2),,_u2_cnt_os_inv0_speed_1ms_max(2),,_u2_cnt_oh_inv0_int_1ms_max(2),,_u2_cnt_ov_inv0_ctrlbd_1ms_max(2),,_u2_cnt_uv_inv0_ctrlbd_1ms_max(2),
0xFEBF14E0,_u2_cnt_snsr_inv0_tmp_int_1ms_max(2),,_u2_cnt_snsr_inv0_tmp_igbt_1ms_max(2),,_u2_cnt_snsr_inv0_tmp_mot1_1ms_max(2),,_u2_cnt_snsr_inv0_tmp_mot2_1ms_max(2),,_u2_cnt_uv_inv0_vdc_1ms(2),,_u2_cnt_oh_inv0_igbt_up_1ms(2),,_u2_cnt_oh_inv0_igbt_vp_1ms(2),,_u2_cnt_oh_inv0_igbt_wp_1ms(2),
0xFEBF14F0,_u2_cnt_oh_inv0_igbt_un_1ms(2),,_u2_cnt_oh_inv0_igbt_vn_1ms(2),,_u2_cnt_oh_inv0_igbt_wn_1ms(2),,_u2_cnt_oh_inv0_mot1_1ms(2),,_u2_cnt_oh_inv0_mot2_1ms(2),,_u2_cnt_os_inv0_speed_1ms(2),,_u2_cnt_oh_inv0_int_1ms(2),,_u2_cnt_ov_inv0_ctrlbd_1ms(2),
0xFEBF1500,_u2_cnt_uv_inv0_ctrlbd_1ms(2),,_u2_cnt_snsr_inv0_tmp_int_1ms(2),,_u2_cnt_snsr_inv0_tmp_igbt_up_1ms(2),,_u2_cnt_snsr_inv0_tmp_igbt_vp_1ms(2),,_u2_cnt_snsr_inv0_tmp_igbt_wp_1ms(2),,_u2_cnt_snsr_inv0_tmp_igbt_un_1ms(2),,_u2_cnt_snsr_inv0_tmp_igbt_vn_1ms(2),,_u2_cnt_snsr_inv0_tmp_igbt_wn_1ms(2),
0xFEBF1510,_u2_cnt_snsr_inv0_tmp_mot1_1ms(2),,_u2_cnt_snsr_inv0_tmp_mot2_1ms(2),,_u4_flag_inv0_error_hw(4),,,,_u1_flag_can0_err_enable(1),,,,_u4_flag_inv0_error_hw_lev(4),,,
0xFEBF1520,_u2_cnt_di_inv0_safty(2),,_u2_cnt_di_inv0_safty_max(2),,_u2_cnt_di_inv0_gb(2),,_u2_cnt_di_inv0_gb_max(2),,_u1_cpldspi_cs(1),_u1_cpldspi_clk(1),_u1_cpldspi_in(1),_u1_cpldspi_out(1),_u4_cpldspi_indata(4),,,
0xFEBF1530,_u4_cpldspi_indata_tmp(4),,,,_u1_cpldspi_cnt(1),_u1_err_MCU(1),,,_u1_flag_inv0_derating_status(1),,,,_f4_k_inv0_tmp_igbt_limit(4),,,
0xFEBF1540,_f4_tmp_inv0_igbt_limit_start(4),,,,_f4_tmp_inv0_igbt_limit_fin(4),,,,_f4_k_inv0_tmp_mot1_limit(4),,,,_f4_tmp_inv0_mot1_limit_start(4),,,
0xFEBF1550,_f4_tmp_inv0_mot1_limit_fin(4),,,,_f4_k_inv0_tmp_mot2_limit(4),,,,_f4_tmp_inv0_mot2_limit_start(4),,,,_f4_tmp_inv0_mot2_limit_fin(4),,,
0xFEBF1560,_f4_k_inv0_tq_limit(4),,,,_f4_speed_inv0_enable_active_discharge(4),,,,_f4_irms_inv0_ref_active_discharge(4),,,,_u1_flag_inv0_sysctrl_active_discharge(1),_u1_flag_inv0_sysctrl_active_discharge_tmp(1),_u1_flag_mode_inv0_idqcom(1),
0xFEBF1570,_f4_id_inv0_ctrl(4),,,,_f4_iq_inv0_ctrl(4),,,,_f4_irms_inv0_ref(4),,,,_f4_theta_inv0_ref(4),,,
0xFEBF1580,_f4_irms_inv0_ref_tmp(4),,,,_f4_dirms_inv0_ref_up(4),,,,_f4_theta_inv0_ref_tmp(4),,,,_f4_dtheta_inv0_ref_up(4),,,
0xFEBF1590,_f4_idq_inv0_ctrl(4),,,,_f4_irms_inv0_ref_ctrl(4),,,,_f4_theta_inv0_ref_ctrl(4),,,,_f4_irms_inv0_ad_lpf(4),,,
0xFEBF15A0,_f4_theta_inv0_ad_lpf(4),,,,_f4_tq_inv0_ref(4),,,,_f4_tq_inv0_ref_tmp(4),,,,_f4_dtq_inv0_ref_up(4),,,
0xFEBF15B0,_f4_tq_inv0_ref_max(4),,,,_f4_tq_inv0_ref_min(4),,,,_f4_tq_inv0_ref_max_tmp(4),,,,_f4_tq_inv0_ref_min_tmp(4),,,
0xFEBF15C0,_f4_speed_inv0_abs(4),,,,_f4_power_inv0_mot_loss(4),,,,_f4_power_inv0_inv_loss(4),,,,_f4_wclpf_inv0_p123(4),,,
0xFEBF15D0,_f4_power_inv0_p123(4),,,,_f4_power_inv0_p123_lpf(4),,,,_f4_tq_inv0_est(4),,,,_f4_idc_inv0_est(4),,,
0xFEBF15E0,_f4_lev_inv0_speed_tq_est_ctrl(4),,,,_u1_mode_inv0_main(1),_u1_mode_inv0_main_tmp(1),_u1_seq_inv0_runctrl(1),_u1_seq_inv0_stopctrl(1),_u1_seq_inv0_errctrl(1),_u1_flag_inv0_sysctrl(1),_u1_flag_inv0_motctrl(1),_u1_flag_inv0_offsetadjl(1),_u1_flag_enable_inv0_wrctrl(1),_u1_flag_enable_inv0_wrlimitctrl(1),,
0xFEBF15F0,_f4_speed_inv0_ref(4),,,,_f4_wr_inv0_ref(4),,,,_f4_dspeed_inv0_ref_up(4),,,,_f4_dwr_inv0_ref_up(4),,,
0xFEBF1600,_u1_flag_wr_inv0_ref_check(1),,,,_f4_speed_inv0_limit_ref(4),,,,_f4_wr_inv0_limit_ref(4),,,,_f4_kp_inv0_wrctrl(4),,,
0xFEBF1610,_f4_ki_inv0_wrctrl(4),,,,_f4_wr_inv0_ctrlerr(4),,,,_f4_tq_inv0_wrctrlp(4),,,,_f4_tq_inv0_wrctrli(4),,,
0xFEBF1620,_f4_tq_inv0_wrctrl(4),,,,_f4_iq_inv0_wrctrlp(4),,,,_f4_iq_inv0_wrctrli(4),,,,_f4_iq_inv0_wrctrl(4),,,
0xFEBF1630,_f4_kp_inv0_wrlimitctrl(4),,,,_f4_ki_inv0_wrlimitctrl(4),,,,_f4_wr_inv0_limitctrlerr(4),,,,_f4_tq_inv0_wrlimitctrlp(4),,,
0xFEBF1640,_f4_tq_inv0_wrlimitctrli(4),,,,_f4_tq_inv0_wrlimitctrl(4),,,,_f4_iq_inv0_wrlimitctrl(4),,,,_f4_idq_inv0_max(4),,,
0xFEBF1650,_u4_cnt_re_oer(4),,,,_u4_cnt_re_fer(4),,,,_u1_pwm_inv0_status(1),_u1_flag_pwm_inv0_source(1),,,_u4_fc_inv0_lsb_0(4),,,
0xFEBF1660,_f4_fs_inv0_ctrl(4),,,,_f4_ts_inv0_ctrl(4),,,,_u4_cnt_pwm(4),,,,_f4_mu_inv0_1pulse(4),,,
0xFEBF1670,_f4_mv_inv0_1pulse(4),,,,_f4_mw_inv0_1pulse(4),,,,_s2_ad000(2),,_s2_ad001(2),,_s2_ad002(2),,_s2_ad003(2),
0xFEBF1680,_s2_ad010(2),,_s2_ad011(2),,_s2_ad012(2),,_s2_ad013(2),,_s2_ad020(2),,_s2_ad021(2),,_s2_ad022(2),,_s2_ad023(2),
0xFEBF1690,_s2_ad030(2),,_s2_ad031(2),,_s2_ad032(2),,_s2_ad033(2),,_s2_ad100(2),,_s2_ad101(2),,_s2_ad102(2),,_s2_ad110(2),
0xFEBF16A0,_s2_ad111(2),,_s2_ad112(2),,_s2_ad120(2),,_s2_ad121(2),,_s2_ad122(2),,_s2_ad130(2),,_s2_ad131(2),,_s2_ad132(2),
0xFEBF16B0,_s2_ad140(2),,_s2_ad141(2),,_s2_ad142(2),,_s2_ad150(2),,_s2_ad151(2),,_s2_ad152(2),,_s2_ad160(2),,_s2_ad161(2),
0xFEBF16C0,_s2_ad162(2),,_s2_ad_inv0_vdc(2),,_s2_ad_inv0_vdc_tmp(2),,_s2_ad_inv0_idc(2),,_s2_ad_inv0_iu(2),,_s2_ad_inv0_iv(2),,_s2_ad_inv0_iw(2),,_s2_ad_inv0_vuv(2),
0xFEBF16D0,_s2_ad_inv0_vwv(2),,_s2_ad_inv0_tmp_igbt_up(2),,_s2_ad_inv0_tmp_igbt_un(2),,_s2_ad_inv0_tmp_igbt_vp(2),,_s2_ad_inv0_tmp_igbt_vn(2),,_s2_ad_inv0_tmp_igbt_wp(2),,_s2_ad_inv0_tmp_igbt_wn(2),,_s2_ad_inv0_tmp_mot1(2),
0xFEBF16E0,_s2_ad_inv0_tmp_mot2(2),,_s2_ad_inv0_tmp_int(2),,_s2_ad_inv0_vctrlbd(2),,_s2_ad_inv0_tmp_ai0(2),,_s2_ad_inv0_tmp_ai1(2),,_s2_ad_inv0_tmp_ai2(2),,_s2_ad_inv0_tmp_ai3(2),,_s2_ad_inv0_tmp_ai4(2),
0xFEBF16F0,_s2_ad_inv0_tmp_th1(2),,_s2_ad_inv0_tmp_th2(2),,_s2_ad_inv0_tmp_th3(2),,_s2_ad_inv0_tmp_th4(2),,_s2_ad_inv0_tmp_th5(2),,_s2_ad_inv0_tmp_th6(2),,_s2_ad_inv0_tmp_th7(2),,_s2_ad_inv0_tmp_th8(2),
0xFEBF1700,_s2_AD0_cnt(2),,_s2_AD0_wait_warning(2),,_s4_adtrig_inv0_delay_ns(4),,,,_f4_k_iu_inv0_adscale(4),,,,_f4_k_iv_inv0_adscale(4),,,
0xFEBF1710,_f4_k_iw_inv0_adscale(4),,,,_f4_k_vdc_inv0_adscale(4),,,,_f4_k_idc_inv0_adscale(4),,,,_f4_k_vuvw_inv0_adscale(4),,,
0xFEBF1720,_s4_iu_inv0_adfs(4),,,,_s4_iv_inv0_adfs(4),,,,_s4_iw_inv0_adfs(4),,,,_f4_iu_inv0_ad(4),,,
0xFEBF1730,_f4_iv_inv0_ad(4),,,,_f4_iw_inv0_ad(4),,,,_f4_iu_inv0_tmp_ad(4),,,,_f4_iv_inv0_tmp_ad(4),,,
0xFEBF1740,_f4_iw_inv0_tmp_ad(4),,,,_u1_flag_ictrl_inv0_select(1),_u1_flag_iad_inv0_avg(1),,,_f4_iu_inv0_ctrl(4),,,,_f4_iv_inv0_ctrl(4),,,
0xFEBF1750,_f4_iw_inv0_ctrl(4),,,,_f4_vdc_inv0_ad(4),,,,_f4_vdc_inv0_ad_offset(4),,,,_f4_vuv_inv0_ad(4),,,
0xFEBF1760,_f4_vwv_inv0_ad(4),,,,_f4_vu_inv0_ad(4),,,,_f4_vv_inv0_ad(4),,,,_f4_vw_inv0_ad(4),,,
0xFEBF1770,_f4_vvw_inv0_ad(4),,,,_f4_vwu_inv0_ad(4),,,,_f4_vu_inv0_ad_tmp(4),,,,_f4_vv_inv0_ad_tmp(4),,,
0xFEBF1780,_f4_vw_inv0_ad_tmp(4),,,,_f4_vuvw_inv0_ad_offset(4),,,,_f4_va_inv0_ad(4),,,,_f4_vb_inv0_ad(4),,,
0xFEBF1790,_f4_vdq_inv0_ad(4),,,,_f4_wt_inv0_vuvw_ad(4),,,,_f4_wt_inv0_pll_vuvw_ad(4),,,,_f4_wt_inv0_pll_vuvw_ad_err(4),,,
0xFEBF17A0,_f4_kp_inv0_wrpll_vuvw_ad(4),,,,_f4_ki_inv0_wrpll_vuvw_ad(4),,,,_f4_wr_inv0_pll_vuvw_ad_p(4),,,,_f4_wr_inv0_pll_vuvw_ad_i(4),,,
0xFEBF17B0,_f4_wr_inv0_pll_vuvw_ad(4),,,,_f4_wclpf_inv0_wrpll_vuvw_ad(4),,,,_f4_wr_inv0_pll_vuvw_ad_lpf(4),,,,_s4_idc_inv0_adfs(4),,,
0xFEBF17C0,_f4_idc_inv0_ad(4),,,,_f4_idc_inv0_tmp_ad(4),,,,_f4_vctrlbd_inv0_ad(4),,,,_f4_k_vctrlbd_inv0_adscale(4),,,
0xFEBF17D0,_f4_wclpf_inv0_vdc(4),,,,_f4_vdc_inv0_lpf(4),,,,_f4_wclpf_inv0_idc(4),,,,_f4_idc_inv0_lpf(4),,,
0xFEBF17E0,_f4_wclpf_inv0_v_ai(4),,,,_f4_v_ai_inv0_lpf(4),,,,_f4_dvdc_inv0_ad(4),,,,_s4_offset_iu_inv0_adfs(4),,,
0xFEBF17F0,_s4_offset_iv_inv0_adfs(4),,,,_s4_offset_iw_inv0_adfs(4),,,,_s4_offset_idc_inv0_adfs(4),,,,_s4_offset_iu_inv0_adfs_sum(4),,,
0xFEBF1800,_s4_offset_iv_inv0_adfs_sum(4),,,,_s4_offset_iw_inv0_adfs_sum(4),,,,_s4_offset_idc_inv0_adfs_sum(4),,,,_u2_cnt_inv0_offsetadj(2),,_u1_flag_inv0_offsetadj_ok(1),
0xFEBF1810,_u2_cnt_inv0_ecd_get(2),,,,_f4_wt_inv0_dq(4),,,,_f4_wt_inv0_dq_tmp(4),,,,_f4_sin_inv0_wtdq(4),,,
0xFEBF1820,_f4_cos_inv0_wtdq(4),,,,_u4_flag_dir_inv0_enc(4),,,,_f4_wt_inv0_pll(4),,,,_f4_wt_inv0_pll_err(4),,,
0xFEBF1830,_f4_wr_inv0_pll_max(4),,,,_f4_kp_inv0_wrpll(4),,,,_f4_ki_inv0_wrpll(4),,,,_f4_wr_inv0_enc_pllp(4),,,
0xFEBF1840,_f4_wr_inv0_enc_plli(4),,,,_f4_wr_inv0_enc_pll(4),,,,_f4_wr_inv0_pll(4),,,,_f4_wclpf_inv0_wrpll(4),,,
0xFEBF1850,_f4_wr_inv0_pll_lpf(4),,,,_f4_wr_inv0_pll_lpf_abs(4),,,,_f4_speed_inv0_lpf(4),,,,_f4_winv_inv0_ref(4),,,
0xFEBF1860,_f4_winv_inv0_ref_abs(4),,,,_f4_wsl_inv0_ref(4),,,,_f4_fsl_inv0_ref(4),,,,_f4_wt_inv0_wsl_ref(4),,,
0xFEBF1870,_f4_wsl_inv0_ref_max(4),,,,_f4_fsl_inv0_ref_max(4),,,,_u4_flag_inv0_error(4),,,,_u4_flag_inv0_error1(4),,,
0xFEBF1880,_u4_flag_inv0_error2(4),,,,_f4_lev_oc_inv0_iac(4),,,,_f4_lev_ov_inv0_vdc(4),,,,_u2_cnt_oc_inv0_iac_pwm_max(2),,_u2_cnt_ov_inv0_vdc_pwm_max(2),
0xFEBF1890,_u2_cnt_oc_inv0_iu_pwm(2),,_u2_cnt_oc_inv0_iv_pwm(2),,_u2_cnt_oc_inv0_iw_pwm(2),,_u2_cnt_ov_inv0_vdc_pwm(2),,_f4_pf_inv0(4),,,,_f4_dpf_inv0(4),,,
0xFEBF18A0,_f4_r1_inv0(4),,,,_f4_r2_inv0(4),,,,_f4_lm_inv0(4),,,,_f4_lm_inv0_const(4),,,
0xFEBF18B0,_f4_ls_inv0(4),,,,_f4_rm_inv0(4),,,,_u1_flag_lm_inv0_mode(1),_u1_flag_enable_inv0_r2_cmp(1),_u1_flag_enable_inv0_r1_cmp(1),,_f4_tmp_inv0_r1(4),,,
0xFEBF18C0,_f4_tmp_inv0_r2(4),,,,_f4_r1_inv0_cmp(4),,,,_f4_r2_inv0_cmp(4),,,,_f4_kp_inv0_vdqctrl(4),,,
0xFEBF18D0,_f4_ki_inv0_vdqctrl(4),,,,_f4_k_inv0_vdq_vctrl(4),,,,_f4_vdq_inv0_vctrl(4),,,,_f4_vdqctrl_inv0_err(4),,,
0xFEBF18E0,_f4_idq_inv0_vdqctrlp(4),,,,_f4_idq_inv0_vdqctrli(4),,,,_f4_idq_inv0_vdqctrl(4),,,,_f4_id_inv0_vdqctrl(4),,,
0xFEBF18F0,_f4_iq_inv0_vdqctrl(4),,,,_f4_idq_inv0_vdqctrl_max(4),,,,_f4_fd_inv0_ref(4),,,,_f4_fq_inv0_ref(4),,,
0xFEBF1900,_f4_id_inv0_ad(4),,,,_f4_iq_inv0_ad(4),,,,_f4_id_inv0_ref(4),,,,_f4_iq_inv0_ref(4),,,
0xFEBF1910,_f4_id_inv0_ref_min(4),,,,_f4_id_inv0_ref_max(4),,,,_f4_idq_inv0_ref(4),,,,_f4_k_inv0_idq_cmp(4),,,
0xFEBF1920,_f4_wt_inv0_idq_cmp(4),,,,_f4_sin_inv0_wtidq_cmp(4),,,,_f4_cos_inv0_wtidq_cmp(4),,,,_f4_id_inv0_ad_cmp(4),,,
0xFEBF1930,_f4_iq_inv0_ad_cmp(4),,,,_u1_flag_enable_inv0_kictrl(1),,,,_f4_kp_inv0_idq_cmp(4),,,,_f4_ki_inv0_idq_cmp(4),,,
0xFEBF1940,_f4_vdq_inv0_ctrl_max(4),,,,_f4_vdq_inv0_ctrl_max_adj(4),,,,_f4_kp_inv0_idq_ctrl_max(4),,,,_f4_kp_inv0_idq_ctrl_min(4),,,
0xFEBF1950,_f4_lev_m_kp_inv0_idq_ctrl_max(4),,,,_f4_lev_m_kp_inv0_idq_ctrl_min(4),,,,_f4_a_kp_inv0_idq_cmp(4),,,,_f4_b_kp_inv0_idq_cmp(4),,,
0xFEBF1960,_f4_ki_inv0_idq_ctrl_max(4),,,,_f4_ki_inv0_idq_ctrl_min(4),,,,_f4_lev_m_ki_inv0_idq_ctrl_max(4),,,,_f4_lev_m_ki_inv0_idq_ctrl_min(4),,,
0xFEBF1970,_f4_a_ki_inv0_idq_cmp(4),,,,_f4_b_ki_inv0_idq_cmp(4),,,,_u1_cnt_idq_inv0_ctrli_delay(1),_u1_cnt_idq_inv0_ctrli_delay_max(1),,,_f4_kp_inv0_idctrl(4),,,
0xFEBF1980,_f4_ki_inv0_idctrl(4),,,,_f4_id_inv0_ctrlperr(4),,,,_f4_id_inv0_ctrlierr(4),,,,_f4_id_inv0_ctrliref(4),,,
0xFEBF1990,_f4_id_inv0_ctrliref_array(20),,,,,,,,,,,,,,,
0xFEBF19A0,,,,,_f4_vd_inv0_ctrl(4),,,,_f4_vd_inv0_ctrlp(4),,,,_f4_vd_inv0_ctrli(4),,,
0xFEBF19B0,_f4_kp_inv0_iqctrl(4),,,,_f4_ki_inv0_iqctrl(4),,,,_f4_iq_inv0_ctrlperr(4),,,,_f4_iq_inv0_ctrlierr(4),,,
0xFEBF19C0,_f4_iq_inv0_ctrliref(4),,,,_f4_iq_inv0_ctrliref_array(20),,,,,,,,,,,
0xFEBF19D0,,,,,,,,,_f4_vq_inv0_ctrl(4),,,,_f4_vq_inv0_ctrlp(4),,,
0xFEBF19E0,_f4_vq_inv0_ctrli(4),,,,_u1_flag_inv0_status_idqctrl(1),,,,_f4_vd_inv0_emf(4),,,,_f4_vq_inv0_emf(4),,,
0xFEBF19F0,_f4_vd_inv0_rs(4),,,,_f4_vq_inv0_rs(4),,,,_f4_vd_inv0_ref_tmp(4),,,,_f4_vq_inv0_ref_tmp(4),,,
0xFEBF1A00,_u1_flag_inv0_status_vdq_max(1),,,,_f4_k_inv0_vdq_max(4),,,,_f4_vdq_inv0_ref(4),,,,_f4_vdq_inv0_max(4),,,
0xFEBF1A10,_f4_vd_inv0_ref(4),,,,_f4_vq_inv0_ref(4),,,,_f4_wt_inv0_vdq(4),,,,_f4_wt_inv0_vdq_tmp(4),,,
0xFEBF1A20,_f4_m_inv0_ref(4),,,,_f4_k_inv0_modu(4),,,,_f4_k_inv0_modu_max(4),,,,_u1_flag_enable_inv0_dk_modu(1),,,
0xFEBF1A30,_f4_dk_inv0_modu_kp(4),,,,_f4_dk_inv0_modu_ki(4),,,,_f4_dk_inv0_modu_kicmp(4),,,,_u4_n_k_inv0_modu(4),,,
0xFEBF1A40,_f4_m_inv0_lpf(4),,,,_f4_wclpf_inv0_m(4),,,,_u1_flag_inv0_modevctrl(1),_u1_flag_inv0_modevctrl_tmp(1),_u2_cnt_inv0_vctrlmode(2),,_u2_cnt_inv0_1pulsemode(2),,_u2_cnt_inv0_svpwmmode(2),
0xFEBF1A50,_u1_flag_enable_inv0_1pulse(1),,,,_f4_lev_m_inv0_1pulse(4),,,,_f4_lev_m_inv0_svpwm(4),,,,_u1_flag_inv0_modetiming(1),,,
0xFEBF1A60,_f4_wt_inv0_delay(4),,,,_f4_wt_inv0_svctrl(4),,,,_f4_sin_inv0_wtsvctrl(4),,,,_f4_cos_inv0_wtsvctrl(4),,,
0xFEBF1A70,_s4_wt_inv0_dq_2pi_2_31(4),,,,_s4_wt_inv0_delay_2pi_2_31(4),,,,_s4_wt_inv0_vdq_2pi_2_31(4),,,,_f4_wt_inv0_1pulse_pwm(4),,,
0xFEBF1A80,_s4_wt_inv0_1pulse_pwm_2pi_2_31(4),,,,_u1_flag_inv0_adj(1),,,,_f4_f_inv0_adj(4),,,,_f4_f_inv0_adj_tmp(4),,,
0xFEBF1A90,_f4_df_inv0_adj(4),,,,_f4_wr_inv0_adj(4),,,,_f4_wt_inv0_adj(4),,,,_f4_sin_inv0_wtadj(4),,,
0xFEBF1AA0,_f4_cos_inv0_wtadj(4),,,,_f4_id_inv0_adj(4),,,,_f4_iq_inv0_adj(4),,,,_f4_id_inv0_dc_adj(4),,,
0xFEBF1AB0,_f4_id_inv0_ac_adj(4),,,,_f4_iq_inv0_dc_adj(4),,,,_f4_iq_inv0_ac_adj(4),,,,_f4_id_inv0_dc_adj_tmp(4),,,
0xFEBF1AC0,_f4_id_inv0_ac_adj_tmp(4),,,,_f4_iq_inv0_dc_adj_tmp(4),,,,_f4_iq_inv0_ac_adj_tmp(4),,,,_f4_didq_inv0_adj(4),,,
0xFEBF1AD0,_f4_vd_inv0_adj_ref(4),,,,_f4_vd_inv0_adj_ref_tmp(4),,,,_f4_vq_inv0_adj_ref(4),,,,_f4_dvd_inv0_adj_ref(4),,,
0xFEBF1AE0,_f4_wtdq_inv0_adj(4),,,,_f4_f_inv0_slip_ref(4),,,,_f4_f_inv0_slip_ref_diff(4),,,,_f4_vd_inv0_adj_ad(4),,,
0xFEBF1AF0,_f4_vq_inv0_adj_ad(4),,,,_u1_flag_inv0_vctrlerr_adj(1),,,,_f4_vctrlerr_inv0_adj(4),,,,_f4_rs_inv0_adj(4),,,
0xFEBF1B00,_f4_wt_inv0_offset_adj(4),,,,_f4_wt_inv0_dq_offset_err_adj(4),,,,_f4_sin_inv0_wtdq_offset_adj(4),,,,_f4_cos_inv0_wtdq_offset_adj(4),,,
0xFEBF1B10,_f4_vd_inv0_wtdq_offset_adj(4),,,,_f4_vq_inv0_wtdq_offset_adj(4),,,,_f4_time_inv0_enc_delay_us_adj(4),,,,_f4_ki_inv0_wtdq_offset_adj(4),,,
0xFEBF1B20,_f4_vd_inv0_plid(4),,,,_f4_vq_inv0_plid(4),,,,_f4_id_inv0_adj_lpf(4),,,,_f4_iq_inv0_adj_lpf(4),,,
0xFEBF1B30,_f4_vd_inv0_adj_ad_lpf(4),,,,_f4_vq_inv0_adj_ad_lpf(4),,,,_f4_wr_inv0_pll_lpf_adj_lpf(4),,,,_f4_id_inv0_ad_adj_lpf(4),,,
0xFEBF1B40,_f4_iq_inv0_ad_adj_lpf(4),,,,_f4_wclpf_inv0_adj(4),,,,_f4_va_inv0_ref(4),,,,_f4_vb_inv0_ref(4),,,
0xFEBF1B50,_f4_vu_inv0_svctrl(4),,,,_f4_vv_inv0_svctrl(4),,,,_f4_vw_inv0_svctrl(4),,,,_f4_mu_inv0_svctrl(4),,,
0xFEBF1B60,_f4_mv_inv0_svctrl(4),,,,_f4_mw_inv0_svctrl(4),,,,_f4_m_inv0_max(4),,,,_f4_v_vctrlerr_inv0_max(4),,,
0xFEBF1B70,_f4_i_vctrlerr_inv0_max(4),,,,_f4_dfc_inv0_vctrl(4),,,,_f4_k_dfc_inv0_vctrl(4),,,,_f4_dvdc_inv0_vctrl(4),,,
0xFEBF1B80,_f4_k_dvdc_inv0_vctrl(4),,,,_f4_vuctrl_inv0_err(4),,,,_f4_vvctrl_inv0_err(4),,,,_f4_vwctrl_inv0_err(4),,,
0xFEBF1B90,_u2_cnt_vctrltbl(2),,,,_f4_x_nom(4),,,,_f4_y_nom(4),,,,_f4_z_nom(4),,,
0xFEBF1BA0,_s4_x_id(4),,,,_s4_y_id(4),,,,_s4_z_id(4),,,,_s4_x_id_p1(4),,,
0xFEBF1BB0,_s4_y_id_p1(4),,,,_s4_z_id_p1(4),,,,_f4_kw_x(4),,,,_f4_kw_y(4),,,
0xFEBF1BC0,_f4_kw_z(4),,,,_f4_x_add1(4),,,,_f4_x_add1_int(4),,,,_f4_x_add2(4),,,
0xFEBF1BD0,_f4_x_add2_int(4),,,,_f4_x_nom_temp(4),,,,_f4_kw_x_temp(4),,,,_f4_kw_x_add(4),,,
0xFEBF1BE0,_f4_z_add(4),,,,_f4_z_add_int(4),,,,_f4_z_nom_temp(4),,,,_f4_kw_z_temp(4),,,
0xFEBF1BF0,_f4_kw_z_add(4),,,,_C000(4),,,,_C001(4),,,,_C010(4),,,
0xFEBF1C00,_C011(4),,,,_C100(4),,,,_C101(4),,,,_C110(4),,,
0xFEBF1C10,_C111(4),,,,_c000(2),,_c001(2),,_c010(2),,_c011(2),,_c100(2),,_c101(2),
0xFEBF1C20,_c110(2),,_c111(2),,_f4_x_nom_2d(4),,,,_f4_z_nom_2d(4),,,,_s4_x_id_2d(4),,,
0xFEBF1C30,_s4_z_id_2d(4),,,,_s4_x_id_p1_2d(4),,,,_s4_z_id_p1_2d(4),,,,_f4_kw_x_2d(4),,,
0xFEBF1C40,_f4_kw_z_2d(4),,,,_f4_x_add1_2d(4),,,,_f4_x_add1_int_2d(4),,,,_f4_x_add2_2d(4),,,
0xFEBF1C50,_f4_x_add2_int_2d(4),,,,_f4_x_nom_temp_2d(4),,,,_f4_kw_x_temp_2d(4),,,,_f4_kw_x_add_2d(4),,,
0xFEBF1C60,_f4_z_add_2d(4),,,,_f4_z_add_int_2d(4),,,,_f4_z_nom_temp_2d(4),,,,_f4_kw_z_temp_2d(4),,,
0xFEBF1C70,_f4_kw_z_add_2d(4),,,,_C00_2d(4),,,,_C01_2d(4),,,,_C10_2d(4),,,
0xFEBF1C80,_C11_2d(4),,,,_c00_2d(2),,_c01_2d(2),,_c10_2d(2),,_c11_2d(2),,_u1_flag_rx1_flag(1),_u1_flag_can1_initerr(1),,
0xFEBF1C90,_u1_flag_enable_inv0_pwm_sync(1),_u1_flag_enable_inv0_pwm_sync_tmp(1),,,_s4_cnt_inv0_pwm_sync(4),,,,_u4_cnt_inv0_pwm_sync_max(4),,,,_f4_k_inv0_pwm_sync(4),,,
0xFEBF1CA0,_u1_flag_select_inv0_pwm_sync_mode(1),,,,_u4_k_inv0_pwm_sync(4),,,,_u4_k_inv0_pwm_sync_tmp(4),,,,_u4_k_inv0_pwm_sync_new(4),,,
0xFEBF1CB0,_u4_k_inv0_pwm_sync_max(4),,,,_u4_k_inv0_pwm_sync_min(4),,,,_u4_fc_inv0_max_lsb_0(4),,,,_u4_fc_inv0_min_lsb_0(4),,,
0xFEBF1CC0,_f4_fmot_inv0_lpf(4),,,,_f4_fmot_inv0_lpf_tmp(4),,,,_f4_dfmot_inv0_lpf(4),,,,_f4_lev_dfmot_inv0_fc_hys(4),,,
0xFEBF1CD0,_f4_wclpf_inv0_fmot(4),,,,_f4_wt_inv0_sync_ref(4),,,,_f4_wt_inv0_sync_err(4),,,,_f4_fc_inv0_sync_max(4),,,
0xFEBF1CE0,_f4_kp_inv0_fc_sync(4),,,,_f4_ki_inv0_fc_sync(4),,,,_f4_fc_inv0_syncp(4),,,,_f4_fc_inv0_synci(4),,,
0xFEBF1CF0,_f4_fc_inv0_sync(4),,,,_u1_flag_inv0_status_pwm_sync_limit(1),_u1_flag_inv0_status_pwm_sync_change(1),,,_u4_RESF_reg(4),,,,_u4_ecm_mstatus0_init(4),,,
0xFEBF1D00,_u4_ecm_cstatus0_init(4),,,,_u4_ecm_mstatus1_init(4),,,,_u4_ecm_cstatus1_init(4),,,,_u1_flag_awatcher_use_cpu2(1),_u1_cnt_main(1),_u1_flag_emc(1),_u1_flag_gate_ok(1)
0xFEBF1D10,_f4_x_2_nom_1d(4),,,,_f4_z_2_nom_1d(4),,,,_s4_x_2_id_1d(4),,,,_s4_z_2_id_1d(4),,,
0xFEBF1D20,_s4_x_2_id_p1_1d(4),,,,_s4_z_2_id_p1_1d(4),,,,_f4_kw_x_2_1d(4),,,,_f4_kw_z_2_1d(4),,,
0xFEBF1D30,_C00_2_1d(4),,,,_C01_2_1d(4),,,,_C10_2_1d(4),,,,_C11_2_1d(4),,,
0xFEBF1D40,_i_ldes.c@_snd_ringbuf.5(128),,,,,,,,,,,,,,,
:
0xFEBF1DC0,_i_ldes.c@_iRd.6(4),,,,_i_ldes.c@_iWr.7(4),,,,_i_ldes.c@_rcv_cmdbuf.8(24),,,,,,,
:
0xFEBF1DE0,_i_ldes.c@_snd_cmdbuf.9(32),,,,,,,,,,,,,,,
:
0xFEBF1E00,_i_ldes.c@_buf_trace.10(4096),,,,,,,,,,,,,,,
:
0xFEBF2E00,_i_ldes.c@_idy_trace.11(4),,,,_i_ldes.c@_idy_copy_trace.12(4),,,,_i_ldes.c@_iTraceCount.13(4),,,,_i_ldes.c@_iTraceCntMax.14(4),,,
0xFEBF2E10,_i_ldes.c@_iIntervalCount.15(4),,,,_i_ldes.c@_iTraceID.16(4),,,,_i_ldes.c@_iReceiveCount.17(4),,,,_i_ldes.c@_ptr_adrs.18(16),,,
0xFEBF2E20,,,,,,,,,,,,,_i_ldes.c@_adrs_size.19(16),,,
0xFEBF2E30,,,,,,,,,,,,,_iTrigLevel(4),,,
0xFEBF2E40,_iTrigDelay(4),,,,_itrig_cnt_delay(4),,,,_itrig_cnt_wait(4),,,,_itrig_data_old(4),,,
0xFEBF2E50,_i_ldes.c@_ubf_status.20(4),,,,_i_ldes.c@_cnt_wt_timeout.21(4),,,,_u4_monitor_status(4),,,,,,,
:
0xFEEF0000,_u4_pe1_status(4),,,,_u1_status_awatcher_cpu2(1),,,,_u4_flag_error_PE1(4),,,,_u1_flag_awatcher_enable_cpu2(1),,,
:
0xFEF00000,_u4_pe2_status(4),,,,_u1_status_awatcher_cpu1(1),,,,_u1_flag_awatcher_enable_cpu1(1),,,,,,,
:
:
0x00801000,_f4_k_pwm_tbl(2052),,,,,,,,,,,,,,,
:
0x00801800,,,,,_S2_THERM_MODULE_TBL0(256),,,,,,,,,,,
:
0x00801900,,,,,_f4_vctrlerr_tbl(1028),,,,,,,,,,,
:
0x00801D00,,,,,,,,,posinff.c@_LengthMask.1(16),,,,,,,
:
0xFE9F0000,___u4_cnt_tsg30_1puls_offset(4),,,,___u4_cnt_tsg31_1puls_offset(4),,,,___u2_enca0_cnt_max(2),,,,___u2_enca1_cnt_max(2),,,
0xFE9F0010,_can0(16),,,,,,,,,,,,,,,
0xFE9F0020,_can1(16),,,,,,,,,,,,,,,
0xFE9F0030,_can2(16),,,,,,,,,,,,,,,
0xFE9F0040,_can3(16),,,,,,,,,,,,,,,
0xFE9F0050,_rx_mbox_no(4),,,,_rx_mbox_id(512),,,,,,,,,,,
:
0xFE9F0250,,,,,_rx_mbox_dlc(512),,,,,,,,,,,
:
0xFE9F0450,,,,,_rx_mbox_length(512),,,,,,,,,,,
:
0xFE9F0650,,,,,_rx_mbox_extened(512),,,,,,,,,,,
:
0xFE9F0850,,,,,_rx_mbox_cnt(16),,,,,,,,,,,
0xFE9F0860,,,,,_tx_mbox_no(4),,,,_tx_mbox_id(512),,,,,,,
:
0xFE9F0A60,,,,,,,,,_tx_mbox_dlc(512),,,,,,,
:
0xFE9F0C60,,,,,,,,,_tx_mbox_length(512),,,,,,,
:
0xFE9F0E60,,,,,,,,,_tx_mbox_extened(512),,,,,,,
:
0xFE9F1060,,,,,,,,,_tx_mbox_cnt(16),,,,,,,
0xFE9F1070,,,,,,,,,___u1_rdc20str_sel(1),,,,___u1_rdc21str_sel(1),,,
0xFE9F1080,___u2_stopwatch_cnt_start(2),,___u2_stopwatch_cnt_stop(2),,___u2_stopwatch1_cnt_start(2),,___u2_stopwatch1_cnt_stop(2),,___u1_tsg30_logic(1),,__S2_DPINV0_ADDLAY(2),,___u1_read_tsg30_opt0(1),,,
0xFE9F1090,_f_mu_old(4),,,,_f_mv_old(4),,,,_f_mw_old(4),,,,___u1_tsg31_logic(1),,__S2_DPINV1_ADDLAY(2),
0xFE9F10A0,___u1_read_tsg31_opt0(1),,,,_f_mu_old2(4),,,,_f_mv_old2(4),,,,_f_mw_old2(4),,,
0xFE9F10B0,_u4_ecm_mstatus0_init(4),,,,_u4_ecm_cstatus0_init(4),,,,_u4_ecm_mstatus1_init(4),,,,_u4_ecm_cstatus1_init(4),,,
0xFE9F10C0,_u1_flag_awatcher_use_cpu1(1),_u1_cnt_main(1),,,_u4_cnt_re_oer(4),,,,_u4_cnt_re_fer(4),,,,_u4_cnt_1ms_inv1(4),,,
0xFE9F10D0,_u1_cnt_20us_int_inv1(1),,,,_u1_cnt_enc1_int(1),,,,_u4_cnt_pwm_inv1(4),,,,_u2_cnt_vctrltbl(2),,,
0xFE9F10E0,posinff.c@_snd_ringbuf.5(128),,,,,,,,,,,,,,,
:
0xFE9F1160,posinff.c@_iRd.6(4),,,,posinff.c@_iWr.7(4),,,,posinff.c@_rcv_cmdbuf.8(24),,,,,,,
:
0xFE9F1180,posinff.c@_snd_cmdbuf.9(32),,,,,,,,,,,,,,,
:
0xFE9F11A0,posinff.c@_buf_trace.10(4096),,,,,,,,,,,,,,,
:
0xFE9F21A0,posinff.c@_idy_trace.11(4),,,,posinff.c@_idy_copy_trace.12(4),,,,posinff.c@_iTraceCount.13(4),,,,posinff.c@_iTraceCntMax.14(4),,,
0xFE9F21B0,posinff.c@_iIntervalCount.15(4),,,,posinff.c@_iTraceID.16(4),,,,posinff.c@_iReceiveCount.17(4),,,,posinff.c@_ptr_adrs.18(16),,,
0xFE9F21C0,,,,,,,,,,,,,posinff.c@_adrs_size.19(16),,,
0xFE9F21D0,,,,,,,,,,,,,_iTrigLevel(4),,,
0xFE9F21E0,_iTrigDelay(4),,,,_itrig_cnt_delay(4),,,,_itrig_cnt_wait(4),,,,_itrig_data_old(4),,,
0xFE9F21F0,posinff.c@_ubf_status.20(4),,,,posinff.c@_cnt_wt_timeout.21(4),,,,_u4_monitor_status(4),,,,,,,
:
0xFEF00000,_u4_flag_error_PE2(4),,,,,,,,,,,,,,,
:
0xFFFFFFF0,,,,,,,,,,,,,,,,
